fault,count,percent,registros,rpm_distintos,rpm_min,rpm_max,rpm_values,primeira_ocorrencia,ultima_ocorrencia,duracao_horas
rolamento_inner,13000,7.7939518933307745,13000,3,500.0,2000.0,"500, 1000, 2000",2026-05-20 21:53:15.757898+00:00,2026-05-22 07:55:59.614290+00:00,34.045515664444444
eccentric_rotor,11808,7.079306458188446,11808,3,500.0,2000.0,"500, 1000, 2000",2026-05-12 05:21:20.862937+00:00,2026-05-18 20:08:19.495967+00:00,158.78295361944444
desbalanceado_1parafuso,10079,6.042710856375453,10079,3,500.0,2000.0,"500, 1000, 2000",2026-04-30 19:19:10.406275+00:00,2026-06-02 12:17:50.934290+00:00,784.977924448611
cocked_rotor,10000,5.995347610254442,10000,3,500.0,2000.0,"500, 1000, 2000",2026-05-18 21:07:08.418140+00:00,2026-06-01 20:45:46.808171+00:00,335.6439972308333
rolamento_outer,10000,5.995347610254442,10000,3,500.0,2000.0,"500, 1000, 2000",2026-05-19 07:37:49.341659+00:00,2026-05-20 21:07:06.909481+00:00,37.48821328388889
rolamento_combination,10000,5.995347610254442,10000,3,500.0,2000.0,"500, 1000, 2000",2026-05-22 08:02:21.630142+00:00,2026-05-25 14:35:25.320825+00:00,78.55102518972222
rolamento_ball,9004,5.3982109882730995,9004,3,500.0,2000.0,"500, 1000, 2000",2026-05-21 21:32:11.275482+00:00,2026-05-25 22:25:49.116976+00:00,96.89384485944444
polia,9000,5.395812849228998,9000,3,500.0,2000.0,"500, 1000, 2000",2026-05-25 23:51:35.574775+00:00,2026-05-26 16:11:14.075310+00:00,16.32736125972222
ventoinha,9000,5.395812849228998,9000,3,500.0,2000.0,"500, 1000, 2000",2026-05-26 17:44:38.602382+00:00,2026-05-27 16:44:30.782595+00:00,22.997827836944445
correia,9000,5.395812849228998,9000,3,500.0,2000.0,"500, 1000, 2000",2026-05-27 19:13:15.061793+00:00,2026-06-01 20:01:14.951872+00:00,120.79996946638889
normal_2,6000,3.5972085661526654,6000,3,500.0,2000.0,"500, 1000, 2000",2026-06-03 22:23:20.326515+00:00,2026-06-05 12:21:57.154490+00:00,37.97689665972222
normal,5738,3.440130458763999,5738,3,500.0,2000.0,"500, 1000, 2000",2026-04-30 17:36:21.829153+00:00,2026-06-09 00:33:52.143163+00:00,942.9584205583333
desalinhado,4000,2.398139044101777,4000,3,500.0,2000.0,"500, 1000, 2000",2026-06-03 20:10:21.870996+00:00,2026-06-05 14:43:23.448484+00:00,42.55043819111111
desalinhado_2,3998,2.396939974579726,3998,3,500.0,2000.0,"500, 1000, 2000",2026-06-04 00:16:56.551864+00:00,2026-06-05 14:07:39.355523+00:00,37.84522323861111
cocked_rotor_2,3075,1.843569390153241,3075,3,500.0,2000.0,"500, 1000, 2000",2026-06-01 20:48:36.534646+00:00,2026-06-01 22:14:24.245284+00:00,1.4299196216666665
rolamento_inner_2,3012,1.805798700208638,3012,3,500.0,2000.0,"500, 1000, 2000",2026-06-02 16:52:12.368412+00:00,2026-06-02 20:07:38.731003+00:00,3.257322941944444
eccentric_rotor_2,3000,1.7986042830763327,3000,3,500.0,2000.0,"500, 1000, 2000",2026-06-01 22:21:04.109226+00:00,2026-06-02 00:21:20.001443+00:00,2.004414504722222
polia_2,3000,1.7986042830763327,3000,3,500.0,2000.0,"500, 1000, 2000",2026-06-02 14:39:08.537069+00:00,2026-06-02 16:19:46.195885+00:00,1.677127448888889
rolamento_outer_2,3000,1.7986042830763327,3000,3,500.0,2000.0,"500, 1000, 2000",2026-06-02 21:35:06.451157+00:00,2026-06-03 15:28:49.341658+00:00,17.89524736138889
rolamento_ball_2,3000,1.7986042830763327,3000,3,500.0,2000.0,"500, 1000, 2000",2026-06-02 23:50:06.485548+00:00,2026-06-03 16:25:31.330285+00:00,16.590234649166668
rolamento_combination_2,3000,1.7986042830763327,3000,3,500.0,2000.0,"500, 1000, 2000",2026-06-03 16:31:46.823683+00:00,2026-06-03 18:12:42.255799+00:00,1.6820644766666666
ventoinha_2,2999,1.7980047483153072,2999,3,500.0,2000.0,"500, 1000, 2000",2026-06-02 12:23:12.167233+00:00,2026-06-02 14:31:58.973096+00:00,2.1463349619444445
correia_2,2999,1.7980047483153072,2999,3,500.0,2000.0,"500, 1000, 2000",2026-06-03 18:25:28.115277+00:00,2026-06-03 20:06:33.192974+00:00,1.684743804722222
new_desalinhado_2,400,0.2398139044101777,400,4,500.0,3000.0,"500, 1000, 2000, 3000",2026-06-12 16:08:15.016619+00:00,2026-06-16 12:00:05.414899+00:00,91.86399952222223
motor_desligado,397,0.23801530012710134,397,1,0.0,0.0,0,2026-04-30 17:17:41.549800+00:00,2026-06-05 21:26:29.241544+00:00,868.14658104
normal_carga,300,0.1798604283076333,300,3,500.0,2000.0,"500, 1000, 2000",2026-06-05 19:40:54.366009+00:00,2026-06-05 20:53:11.753486+00:00,1.2048298547222223
normal_novo,300,0.1798604283076333,300,3,500.0,2000.0,"500, 1000, 2000",2026-06-05 22:30:14.222829+00:00,2026-06-05 22:52:11.913519+00:00,0.36602519166666664
desbalanceado_1parafuso_3,237,0.1420897383630303,237,1,500.0,500.0,500,2026-06-04 01:06:23.103458+00:00,2026-06-04 01:14:15.155329+00:00,0.13112551972222222
new_desbalanceado_2,208,0.12470323029329242,208,4,500.0,3000.0,"500, 1000, 2000, 3000",2026-06-16 11:15:19.547123+00:00,2026-06-16 11:36:45.384433+00:00,0.3571770305555555
new_rolamento_outer_0,200,0.11990695220508885,200,4,500.0,3000.0,"500, 1000, 2000, 3000",2026-06-10 18:29:18.695816+00:00,2026-06-15 21:32:28.320478+00:00,123.05267351722222
new_rolamento_inner_0,200,0.11990695220508885,200,4,500.0,3000.0,"500, 1000, 2000, 3000",2026-06-10 18:46:36.937447+00:00,2026-06-15 21:49:15.661579+00:00,123.04409003666667
new_rolamento_comb_0,200,0.11990695220508885,200,4,500.0,3000.0,"500, 1000, 2000, 3000",2026-06-10 19:04:09.580892+00:00,2026-06-15 21:55:48.525915+00:00,122.86081806194444
new_rolamento_ball_0,200,0.11990695220508885,200,4,500.0,3000.0,"500, 1000, 2000, 3000",2026-06-10 19:21:16.841815+00:00,2026-06-15 22:02:22.315176+00:00,122.6848537113889
new_normal_0,200,0.11990695220508885,200,4,500.0,3000.0,"500, 1000, 2000, 3000",2026-06-10 19:59:36.565781+00:00,2026-06-15 22:09:12.522586+00:00,122.1599880013889
new_normal_1,200,0.11990695220508885,200,4,500.0,3000.0,"500, 1000, 2000, 3000",2026-06-10 21:09:32.050992+00:00,2026-06-16 10:37:21.112423+00:00,133.4636281752778
new_rolamento_outer_1,200,0.11990695220508885,200,4,500.0,3000.0,"500, 1000, 2000, 3000",2026-06-10 21:43:17.393843+00:00,2026-06-16 11:06:13.564205+00:00,133.382269545
new_rolamento_inner_1,200,0.11990695220508885,200,4,500.0,3000.0,"500, 1000, 2000, 3000",2026-06-10 22:00:33.822005+00:00,2026-06-16 10:58:18.058156+00:00,132.96228781972223
new_rolamento_comb_1,200,0.11990695220508885,200,4,500.0,3000.0,"500, 1000, 2000, 3000",2026-06-10 22:17:37.859535+00:00,2026-06-16 10:51:37.811940+00:00,132.56665344583334
new_rolamento_ball_1,200,0.11990695220508885,200,4,500.0,3000.0,"500, 1000, 2000, 3000",2026-06-10 23:09:18.545817+00:00,2026-06-16 10:44:22.095454+00:00,131.58431934361113
new_normal_2,200,0.11990695220508885,200,4,500.0,3000.0,"500, 1000, 2000, 3000",2026-06-11 00:41:55.567346+00:00,2026-06-16 11:13:29.885016+00:00,130.52619935277778
new_rolamento_ball_2,200,0.11990695220508885,200,4,500.0,3000.0,"500, 1000, 2000, 3000",2026-06-11 11:32:43.470095+00:00,2026-06-16 17:04:28.342865+00:00,125.52913132500001
new_rolamento_comb_2,200,0.11990695220508885,200,4,500.0,3000.0,"500, 1000, 2000, 3000",2026-06-11 11:49:04.375312+00:00,2026-06-16 17:11:01.534904+00:00,125.36587766444445
new_rolamento_inner_2,200,0.11990695220508885,200,4,500.0,3000.0,"500, 1000, 2000, 3000",2026-06-12 11:14:01.552346+00:00,2026-06-16 17:18:36.477918+00:00,102.07636821444444
new_normal_3,200,0.11990695220508885,200,4,500.0,3000.0,"500, 1000, 2000, 3000",2026-06-11 13:57:32.887345+00:00,2026-06-16 13:50:00.804062+00:00,119.87442131027778
new_rolamento_comb_3,200,0.11990695220508885,200,4,500.0,3000.0,"500, 1000, 2000, 3000",2026-06-11 14:13:51.816524+00:00,2026-06-16 17:55:27.729796+00:00,123.69330924222221
new_rolamento_ball_3,200,0.11990695220508885,200,4,500.0,3000.0,"500, 1000, 2000, 3000",2026-06-11 14:30:07.928397+00:00,2026-06-16 17:38:46.094497+00:00,123.14393502777777
new_rolamento_outer_3,200,0.11990695220508885,200,4,500.0,3000.0,"500, 1000, 2000, 3000",2026-06-11 15:21:53.833724+00:00,2026-06-16 17:31:33.854882+00:00,122.16111698833333
new_rolamento_inner_3,200,0.11990695220508885,200,4,500.0,3000.0,"500, 1000, 2000, 3000",2026-06-11 15:38:14.880350+00:00,2026-06-16 17:47:26.599791+00:00,122.15325540027779
new_falta_fase_0,200,0.11990695220508885,200,4,500.0,3000.0,"500, 1000, 2000, 3000",2026-06-12 12:08:00.341498+00:00,2026-06-16 14:16:37.159737+00:00,98.14356062194445
new_normal_6,200,0.11990695220508885,200,4,500.0,3000.0,"500, 1000, 2000, 3000",2026-06-12 13:54:52.081366+00:00,2026-06-12 14:14:27.427979+00:00,0.32648517027777774
new_rolamento_outer_2,200,0.11990695220508885,200,4,500.0,3000.0,"500, 1000, 2000, 3000",2026-06-12 15:16:39.038755+00:00,2026-06-16 17:26:52.766802+00:00,98.17048001305555
new_desalinhado_1,200,0.11990695220508885,200,4,500.0,3000.0,"500, 1000, 2000, 3000",2026-06-12 15:45:24.775070+00:00,2026-06-15 20:35:28.116764+00:00,76.83426158166667
new_desbalanceado_0,200,0.11990695220508885,200,4,500.0,3000.0,"500, 1000, 2000, 3000",2026-06-15 20:38:35.696151+00:00,2026-06-15 20:58:29.208630+00:00,0.3315312441666667
new_desbalanceado_1,200,0.11990695220508885,200,4,500.0,3000.0,"500, 1000, 2000, 3000",2026-06-15 20:59:40.658916+00:00,2026-06-15 21:25:11.306717+00:00,0.42517994472222226
new_desalinhado_3,200,0.11990695220508885,200,4,500.0,3000.0,"500, 1000, 2000, 3000",2026-06-16 13:00:41.712064+00:00,2026-06-16 13:19:24.602792+00:00,0.3119140911111111
new_desbalanceado_3,200,0.11990695220508885,200,4,500.0,3000.0,"500, 1000, 2000, 3000",2026-06-16 13:51:48.196099+00:00,2026-06-16 14:10:31.275903+00:00,0.3119666122222222
new_falta_fase_1,200,0.11990695220508885,200,4,500.0,3000.0,"500, 1000, 2000, 3000",2026-06-16 18:00:15.533334+00:00,2026-06-16 18:49:26.839481+00:00,0.8198072630555555
new_falta_fase_2,200,0.11990695220508885,200,4,500.0,3000.0,"500, 1000, 2000, 3000",2026-06-16 18:04:54.492486+00:00,2026-06-16 18:54:53.347924+00:00,0.8330153994444445
new_falta_fase_3,200,0.11990695220508885,200,4,500.0,3000.0,"500, 1000, 2000, 3000",2026-06-16 18:09:31.738069+00:00,2026-06-16 18:59:43.447238+00:00,0.8365858802777778
new_desalinhado_0,199,0.11930741744406341,199,4,500.0,3000.0,"500, 1000, 2000, 3000",2026-06-16 13:23:02.137672+00:00,2026-06-16 13:41:54.972526+00:00,0.3146763483333333
desalinhado_3,150,0.08993021415381665,150,3,500.0,2000.0,"500, 1000, 2000",2026-06-05 14:45:33.914323+00:00,2026-06-05 14:51:38.039821+00:00,0.10114597166666667
ventoinha_3,150,0.08993021415381665,150,3,500.0,2000.0,"500, 1000, 2000",2026-06-05 15:17:05.820673+00:00,2026-06-05 15:22:58.633680+00:00,0.09800361305555556
rolamento_combination_3,150,0.08993021415381665,150,3,500.0,2000.0,"500, 1000, 2000",2026-06-05 15:46:01.031532+00:00,2026-06-05 15:51:44.411108+00:00,0.09538321555555555
rolamento_outer_3,150,0.08993021415381665,150,3,500.0,2000.0,"500, 1000, 2000",2026-06-05 15:30:32.061540+00:00,2026-06-05 15:38:19.860694+00:00,0.12994420944444443
rolamento_combination_4,150,0.08993021415381665,150,3,500.0,2000.0,"500, 1000, 2000",2026-06-05 15:51:58.659649+00:00,2026-06-05 15:57:42.276015+00:00,0.09544899055555556
rolamento_outer_4,150,0.08993021415381665,150,3,500.0,2000.0,"500, 1000, 2000",2026-06-05 16:01:45.331619+00:00,2026-06-05 16:07:42.256322+00:00,0.09914575083333334
rolamento_inner_3,150,0.08993021415381665,150,3,500.0,2000.0,"500, 1000, 2000",2026-06-05 16:13:02.940182+00:00,2026-06-05 16:18:58.042517+00:00,0.0986395375
rolamento_inner_4,150,0.08993021415381665,150,3,500.0,2000.0,"500, 1000, 2000",2026-06-05 16:19:30.819744+00:00,2026-06-05 16:25:18.362345+00:00,0.09653961138888889
rolamento_ball_3,150,0.08993021415381665,150,3,500.0,2000.0,"500, 1000, 2000",2026-06-05 16:29:28.150347+00:00,2026-06-05 16:36:22.731943+00:00,0.11516155444444444
rolamento_ball_4,150,0.08993021415381665,150,3,500.0,2000.0,"500, 1000, 2000",2026-06-05 16:36:44.901015+00:00,2026-06-05 16:42:43.153343+00:00,0.09951453555555555
eccentric_rotor_3,150,0.08993021415381665,150,3,500.0,2000.0,"500, 1000, 2000",2026-06-05 16:49:20.406066+00:00,2026-06-05 16:55:11.084457+00:00,0.09741066416666666
eccentric_rotor_4,150,0.08993021415381665,150,3,500.0,2000.0,"500, 1000, 2000",2026-06-05 16:55:31.365521+00:00,2026-06-05 17:01:11.508250+00:00,0.09448409138888889
eccentric_rotor_pos_2,150,0.08993021415381665,150,3,500.0,2000.0,"500, 1000, 2000",2026-06-05 17:09:02.118719+00:00,2026-06-05 17:16:11.645635+00:00,0.11931303222222223
cocked_rotor_pos_2,150,0.08993021415381665,150,3,500.0,2000.0,"500, 1000, 2000",2026-06-05 17:25:39.456251+00:00,2026-06-05 17:31:50.204646+00:00,0.10298566527777778
normal_pos_2,150,0.08993021415381665,150,3,500.0,2000.0,"500, 1000, 2000",2026-06-05 17:36:17.747614+00:00,2026-06-05 17:42:53.866682+00:00,0.11003307444444445
desbalanceado_pos_2,150,0.08993021415381665,150,3,500.0,2000.0,"500, 1000, 2000",2026-06-05 17:44:42.531210+00:00,2026-06-05 17:50:20.421269+00:00,0.09385834972222222
rolamento_outer_pos_2,150,0.08993021415381665,150,3,500.0,2000.0,"500, 1000, 2000",2026-06-05 17:54:56.297939+00:00,2026-06-05 18:00:40.530551+00:00,0.09562017
rolamento_inner_pos_2,150,0.08993021415381665,150,3,500.0,2000.0,"500, 1000, 2000",2026-06-05 18:04:38.527384+00:00,2026-06-05 18:10:14.874933+00:00,0.09342987472222222
rolamento_ball_pos_2,150,0.08993021415381665,150,3,500.0,2000.0,"500, 1000, 2000",2026-06-05 18:13:59.578780+00:00,2026-06-05 18:19:47.006653+00:00,0.0965077425
rolamento_combination_pos_2,150,0.08993021415381665,150,3,500.0,2000.0,"500, 1000, 2000",2026-06-05 18:23:36.005349+00:00,2026-06-05 18:29:16.767537+00:00,0.09465616333333333
normal_2_pos_2,150,0.08993021415381665,150,3,500.0,2000.0,"500, 1000, 2000",2026-06-05 18:32:29.771809+00:00,2026-06-05 18:39:02.014485+00:00,0.1089562988888889
desbalanceado_2_pos_2,150,0.08993021415381665,150,3,500.0,2000.0,"500, 1000, 2000",2026-06-05 18:39:37.500357+00:00,2026-06-05 18:51:56.820454+00:00,0.20536669361111112
eccentric_rotor_2_pos_2,150,0.08993021415381665,150,3,500.0,2000.0,"500, 1000, 2000",2026-06-05 19:06:07.403471+00:00,2026-06-05 19:11:50.798817+00:00,0.09538759611111111
cocked_rotor_2_pos_2,150,0.08993021415381665,150,3,500.0,2000.0,"500, 1000, 2000",2026-06-05 19:16:28.362326+00:00,2026-06-05 19:22:56.741347+00:00,0.1078830613888889
normal_3_pos_2,150,0.08993021415381665,150,3,500.0,2000.0,"500, 1000, 2000",2026-06-05 19:28:23.558860+00:00,2026-06-05 19:34:14.914067+00:00,0.09759866861111112
desbalanceado_carga,150,0.08993021415381665,150,3,500.0,2000.0,"500, 1000, 2000",2026-06-05 19:47:29.038482+00:00,2026-06-05 19:53:13.183142+00:00,0.09559573888888888
cocked_rotor_carga,150,0.08993021415381665,150,3,500.0,2000.0,"500, 1000, 2000",2026-06-05 19:56:25.755386+00:00,2026-06-05 20:02:22.310220+00:00,0.09904300944444445
eccentric_rotor_carga,150,0.08993021415381665,150,3,500.0,2000.0,"500, 1000, 2000",2026-06-05 20:05:40.522166+00:00,2026-06-05 20:11:27.423608+00:00,0.09636151166666666
rolamento_combination_carga,150,0.08993021415381665,150,3,500.0,2000.0,"500, 1000, 2000",2026-06-05 20:14:26.017023+00:00,2026-06-05 20:20:10.781110+00:00,0.09576780194444445
rolamento_ball_carga,150,0.08993021415381665,150,3,500.0,2000.0,"500, 1000, 2000",2026-06-05 20:22:16.110325+00:00,2026-06-05 20:27:47.849311+00:00,0.09214971833333334
rolamento_inner_carga,150,0.08993021415381665,150,3,500.0,2000.0,"500, 1000, 2000",2026-06-05 20:29:59.066662+00:00,2026-06-05 20:35:38.038994+00:00,0.09415898111111111
rolamento_outer_carga,150,0.08993021415381665,150,3,500.0,2000.0,"500, 1000, 2000",2026-06-05 20:39:18.502259+00:00,2026-06-05 20:45:31.865987+00:00,0.10371214666666666
desbalanceado_carga_2,150,0.08993021415381665,150,3,500.0,2000.0,"500, 1000, 2000",2026-06-05 20:53:47.036774+00:00,2026-06-05 20:59:41.158033+00:00,0.0983670163888889
rolamento_inner_carga_2,150,0.08993021415381665,150,3,500.0,2000.0,"500, 1000, 2000",2026-06-05 21:01:51.453880+00:00,2026-06-05 21:09:08.421646+00:00,0.121379935
eccentric_rotor_carga_2,150,0.08993021415381665,150,3,500.0,2000.0,"500, 1000, 2000",2026-06-05 21:13:41.519137+00:00,2026-06-05 21:19:42.228782+00:00,0.10019712361111112
desbalanceado_novo,150,0.08993021415381665,150,3,500.0,2000.0,"500, 1000, 2000",2026-06-05 22:54:11.276114+00:00,2026-06-05 23:00:33.535313+00:00,0.10618311083333334
rolamento_outer_novo,150,0.08993021415381665,150,3,500.0,2000.0,"500, 1000, 2000",2026-06-05 23:03:51.755900+00:00,2026-06-05 23:09:35.589142+00:00,0.09550923388888888
normal_carga_3,150,0.08993021415381665,150,3,500.0,2000.0,"500, 1000, 2000",2026-06-06 11:03:06.624137+00:00,2026-06-06 11:08:57.925908+00:00,0.09758382527777777
rolamento_ball_carga_3,150,0.08993021415381665,150,3,500.0,2000.0,"500, 1000, 2000",2026-06-06 11:18:00.563256+00:00,2026-06-06 11:23:52.601519+00:00,0.09778840638888889
normal_carga_3_2,150,0.08993021415381665,150,3,500.0,2000.0,"500, 1000, 2000",2026-06-06 11:26:31.203353+00:00,2026-06-06 11:32:07.420399+00:00,0.09339362388888889
normal_adxl_0,150,0.08993021415381665,150,3,500.0,2000.0,"500, 1000, 2000",2026-06-09 10:47:51.005632+00:00,2026-06-09 11:02:35.318797+00:00,0.24564254583333334
rolamento_ball_adxl_0,150,0.08993021415381665,150,3,500.0,2000.0,"500, 1000, 2000",2026-06-09 11:24:08.161986+00:00,2026-06-09 11:39:17.937908+00:00,0.2527155338888889
rolamento_inner_adxl_0,150,0.08993021415381665,150,3,500.0,2000.0,"500, 1000, 2000",2026-06-09 11:42:47.089120+00:00,2026-06-09 11:57:26.882876+00:00,0.24438715444444445
rolamento_outer_adxl_0,150,0.08993021415381665,150,3,500.0,2000.0,"500, 1000, 2000",2026-06-09 12:00:35.615283+00:00,2026-06-09 13:15:18.551957+00:00,1.2452601872222222
rolamento_comb_adxl_0,150,0.08993021415381665,150,3,500.0,2000.0,"500, 1000, 2000",2026-06-09 13:18:38.136051+00:00,2026-06-09 13:33:32.971977+00:00,0.248565535
eccentric_adxl_0,150,0.08993021415381665,150,3,500.0,2000.0,"500, 1000, 2000",2026-06-09 13:38:54.276920+00:00,2026-06-09 13:53:34.566970+00:00,0.24452501388888886
normal_adxl_1,150,0.08993021415381665,150,3,500.0,2000.0,"500, 1000, 2000",2026-06-09 14:17:02.701023+00:00,2026-06-09 14:31:44.336924+00:00,0.2448988613888889
ventoinha_adxl_0,150,0.08993021415381665,150,3,500.0,2000.0,"500, 1000, 2000",2026-06-09 14:33:22.284045+00:00,2026-06-09 14:48:09.208884+00:00,0.24636801083333335
new_cocked_0,150,0.08993021415381665,150,3,500.0,2000.0,"500, 1000, 2000",2026-06-10 20:33:26.130684+00:00,2026-06-10 20:47:37.328986+00:00,0.2364439727777778
new_eccentric_0,150,0.08993021415381665,150,3,500.0,2000.0,"500, 1000, 2000",2026-06-10 20:52:15.226949+00:00,2026-06-10 21:06:34.094477+00:00,0.23857431333333334
new_desbalanceado_antigo_1,150,0.08993021415381665,150,3,500.0,2000.0,"500, 1000, 2000",2026-06-10 21:24:59.604966+00:00,2026-06-10 21:39:29.803497+00:00,0.24172181416666666
new_cocked_1,150,0.08993021415381665,150,3,500.0,2000.0,"500, 1000, 2000",2026-06-10 23:44:13.653063+00:00,2026-06-11 00:05:37.141516+00:00,0.3565245702777778
new_eccentric_1,150,0.08993021415381665,150,3,500.0,2000.0,"500, 1000, 2000",2026-06-11 00:09:30.471832+00:00,2026-06-11 00:32:46.374809+00:00,0.38775082694444446
new_eccentric_2,150,0.08993021415381665,150,3,500.0,2000.0,"500, 1000, 2000",2026-06-11 10:56:35.504986+00:00,2026-06-11 11:11:55.943698+00:00,0.25567742
new_cocked_2,150,0.08993021415381665,150,3,500.0,2000.0,"500, 1000, 2000",2026-06-11 11:15:06.504940+00:00,2026-06-11 11:29:23.907709+00:00,0.23816743583333333
new_eccentric_3,150,0.08993021415381665,150,3,500.0,2000.0,"500, 1000, 2000",2026-06-11 13:39:21.707645+00:00,2026-06-11 13:54:21.561071+00:00,0.249959285
new_normal_4,150,0.08993021415381665,150,3,500.0,2000.0,"500, 1000, 2000",2026-06-12 11:50:59.548117+00:00,2026-06-12 12:05:14.253678+00:00,0.23741821138888888
new_desbalanceado_antigo_3,150,0.08993021415381665,150,3,500.0,2000.0,"500, 1000, 2000",2026-06-11 14:46:55.325626+00:00,2026-06-11 15:01:19.388018+00:00,0.24001733111111112
new_cocked_3,150,0.08993021415381665,150,3,500.0,2000.0,"500, 1000, 2000",2026-06-11 15:04:36.257203+00:00,2026-06-11 15:18:28.484595+00:00,0.23117427555555556
new_normal_5,150,0.08993021415381665,150,3,500.0,2000.0,"500, 1000, 2000",2026-06-12 12:22:51.321410+00:00,2026-06-12 12:42:28.927469+00:00,0.32711279416666666
new_desbalanceado_antigo_0,150,0.08993021415381665,150,3,500.0,2000.0,"500, 1000, 2000",2026-06-10 20:15:34.178264+00:00,2026-06-10 20:29:36.713173+00:00,0.23403747472222222
new_desbalanceado_antigo_2,150,0.08993021415381665,150,3,500.0,2000.0,"500, 1000, 2000",2026-06-11 01:01:45.468343+00:00,2026-06-11 01:18:38.230514+00:00,0.28132282527777774
normal_3,100,0.05995347610254442,100,1,500.0,500.0,500,2026-06-05 14:54:25.377214+00:00,2026-06-05 15:05:47.055483+00:00,0.1893550747222222
desbalanceado_3,100,0.05995347610254442,100,2,500.0,1000.0,"500, 1000",2026-06-05 15:08:23.757936+00:00,2026-06-05 15:12:12.017771+00:00,0.06340550972222223
normal_novo_teste,100,0.05995347610254442,100,2,1000.0,2000.0,"1000, 2000",2026-06-05 23:28:06.729318+00:00,2026-06-05 23:33:03.716225+00:00,0.08249636305555555
desbalanceado_carga_3,100,0.05995347610254442,100,2,1000.0,2000.0,"1000, 2000",2026-06-06 11:10:06.082382+00:00,2026-06-06 11:13:46.995556+00:00,0.06136477055555555
desbalanceado_carga_3_2,100,0.05995347610254442,100,2,500.0,2000.0,"500, 2000",2026-06-06 11:33:11.201152+00:00,2026-06-06 11:38:52.814507+00:00,0.09489259861111111
normal_carga_3_3,100,0.05995347610254442,100,2,500.0,1000.0,"500, 1000",2026-06-06 11:39:42.910291+00:00,2026-06-06 11:43:16.224509+00:00,0.05925394944444445
desbalanceamento,100,0.05995347610254442,100,1,500.0,500.0,500,2026-06-09 00:34:05.889387+00:00,2026-06-09 00:44:00.281957+00:00,0.16510904722222222
desbalanceado_adxl_0,100,0.05995347610254442,100,2,500.0,2000.0,"500, 2000",2026-06-09 11:04:04.560588+00:00,2026-06-09 11:20:02.417722+00:00,0.2660714261111111
cocked_adxl_0,100,0.05995347610254442,100,2,1000.0,2000.0,"1000, 2000",2026-06-09 14:03:01.455035+00:00,2026-06-09 14:12:38.413178+00:00,0.16026615083333332
teste,97,0.05815487181946809,97,3,0.0,2000.0,"0, 500, 2000",2026-06-05 21:38:22.688743+00:00,2026-06-09 10:46:58.591928+00:00,85.14330644027778
new_baseline,69,0.04136789851075565,69,1,0.0,0.0,0,2026-06-11 01:19:48.499976+00:00,2026-06-11 15:53:40.295266+00:00,14.564387580555556
rolamento_outer_adxl_1,63,0.03777068994460299,63,3,500.0,2000.0,"500, 1000, 2000",2026-06-09 15:00:21.845996+00:00,2026-06-09 15:06:47.006598+00:00,0.1069890561111111
desabalanceado_3,50,0.02997673805127221,50,1,2000.0,2000.0,2000,2026-06-05 15:12:57.816962+00:00,2026-06-05 15:14:35.834400+00:00,0.02722706611111111
rolamento_outer_novo_teste,50,0.02997673805127221,50,1,2000.0,2000.0,2000,2026-06-05 23:19:42.177331+00:00,2026-06-05 23:21:20.194438+00:00,0.027226974166666664
motor_desligado_novo,50,0.02997673805127221,50,1,0.0,0.0,0,2026-06-05 23:36:03.717404+00:00,2026-06-05 23:37:41.746328+00:00,0.027230256666666668
mortor_desligado_novo,50,0.02997673805127221,50,1,0.0,0.0,0,2026-06-05 23:38:07.639861+00:00,2026-06-05 23:39:45.657410+00:00,0.027227096944444446
desbanlanceado_carga_3_2,50,0.02997673805127221,50,1,1000.0,1000.0,1000,2026-06-06 11:35:10.379338+00:00,2026-06-06 11:36:48.397850+00:00,0.027227364444444443
normla_carga_3_3,50,0.02997673805127221,50,1,2000.0,2000.0,2000,2026-06-06 11:43:33.376316+00:00,2026-06-06 11:45:11.388630+00:00,0.027225642777777777
ddesbalanceado_adxl_0,50,0.02997673805127221,50,1,1000.0,1000.0,1000,2026-06-09 11:10:23.838301+00:00,2026-06-09 11:14:53.344416+00:00,0.07486280972222223
cockecocked_adxl_0,50,0.02997673805127221,50,1,500.0,500.0,500,2026-06-09 13:57:24.455705+00:00,2026-06-09 14:01:53.959732+00:00,0.07486222972222223
new_desabanceado_1,50,0.02997673805127221,50,1,2000.0,2000.0,2000,2026-06-15 21:06:25.714959+00:00,2026-06-15 21:10:45.420120+00:00,0.07214032249999999
desbalanceado_adxl_1,42,0.02518045996306866,42,2,500.0,1000.0,"500, 1000",2026-06-09 14:50:26.779145+00:00,2026-06-09 14:54:40.724755+00:00,0.07054044722222222
eccentric_2_pos_2,39,0.023381855679992326,39,1,2000.0,2000.0,2000,2026-06-05 19:03:26.091557+00:00,2026-06-05 19:04:42.102076+00:00,0.021114033055555557
new_desalinhado_4,31,0.01858557759178877,31,1,500.0,500.0,500,2026-06-16 13:20:09.477134+00:00,2026-06-16 13:22:48.480382+00:00,0.04416756888888889
dedesbalanceado_adxl_1,21,0.01259022998153433,21,1,2000.0,2000.0,2000,2026-06-09 14:55:13.539306+00:00,2026-06-09 14:57:03.539985+00:00,0.03055574416666667
normal_6,20,0.011990695220508885,20,1,500.0,500.0,500,2026-06-09 01:19:33.485166+00:00,2026-06-09 01:22:19.874001+00:00,0.046219120833333335
acelerando,7,0.004196743327178109,7,1,2000.0,2000.0,2000,2026-05-21 20:25:50.963569+00:00,2026-05-21 20:27:01.347450+00:00,0.019551078055555556
new_tes,2,0.0011990695220508885,2,1,0.0,0.0,0,2026-06-12 11:10:33.274528+00:00,2026-06-12 11:10:38.575564+00:00,0.00147251
new_teste,2,0.0011990695220508885,2,1,500.0,500.0,500,2026-06-12 16:07:37.704152+00:00,2026-06-12 16:07:43.004419+00:00,0.0014722963888888889
